{"cameraMode":{"drawMode":0,"name":"Shaded","section":"Shading Mode"},"sceneLighting":false,"audioPlay":false,"sceneViewState":{"m_AlwaysRefresh":false,"showFog":false,"showSkybox":false,"showFlares":false,"showImageEffects":false,"showParticleSystems":false,"showVisualEffectGraphs":true,"m_FxEnabled":true},"in2DMode":false,"pivot":{"x":0.5005725622177124,"y":0.8743829727172852,"z":0.4333813190460205},"rotation":{"x":0.06261684000492096,"y":-0.9126142263412476,"z":0.3738429546356201,"w":0.15248413383960725},"size":0.8895153403282166,"orthographic":false}