{"cameraMode":{"drawMode":0,"name":"Shaded","section":"Shading Mode"},"sceneLighting":false,"audioPlay":false,"sceneViewState":{"m_AlwaysRefresh":false,"showFog":true,"showSkybox":false,"showFlares":true,"showImageEffects":true,"showParticleSystems":true,"showVisualEffectGraphs":true,"m_FxEnabled":true},"in2DMode":false,"pivot":{"x":-0.014373779296875,"y":1.3084728717803956,"z":0.016138076782226564},"rotation":{"x":0.3469122648239136,"y":0.004488085396587849,"z":-0.0017596182879060507,"w":0.9378083348274231},"size":1.3693064451217652,"orthographic":false}