{"cameraMode":{"drawMode":0,"name":"Shaded","section":"Shading Mode"},"sceneLighting":false,"audioPlay":false,"sceneViewState":{"m_AlwaysRefresh":false,"showFog":true,"showSkybox":false,"showFlares":true,"showImageEffects":true,"showParticleSystems":true,"showVisualEffectGraphs":true,"m_FxEnabled":true},"in2DMode":false,"pivot":{"x":-0.15281321108341218,"y":2.4339916706085207,"z":0.3203139305114746},"rotation":{"x":-0.002363665262237191,"y":0.9928915500640869,"z":-0.11701368540525437,"w":-0.02024708315730095},"size":1.7660253047943116,"orthographic":false}