{"cameraMode":{"drawMode":0,"name":"Shaded","section":"Shading Mode"},"sceneLighting":false,"audioPlay":false,"sceneViewState":{"m_AlwaysRefresh":false,"showFog":true,"showSkybox":false,"showFlares":true,"showImageEffects":true,"showParticleSystems":true,"showVisualEffectGraphs":true,"m_FxEnabled":true},"in2DMode":false,"pivot":{"x":0.05698108673095703,"y":3.1481895446777345,"z":0.1007547378540039},"rotation":{"x":0.00829369481652975,"y":-0.9806410074234009,"z":0.19094246625900269,"w":0.04206754267215729},"size":4.47882080078125,"orthographic":false}