{"cameraMode":{"drawMode":0,"name":"Shaded","section":"Shading Mode"},"sceneLighting":true,"audioPlay":false,"sceneViewState":{"m_AlwaysRefresh":false,"showFog":true,"showSkybox":true,"showFlares":true,"showImageEffects":true,"showParticleSystems":true,"showVisualEffectGraphs":true,"m_FxEnabled":true},"in2DMode":false,"pivot":{"x":38.965049743652347,"y":10.197484970092774,"z":-40.3226318359375},"rotation":{"x":-0.025614146143198015,"y":0.9722093343734741,"z":-0.19385051727294923,"w":-0.12847723066806794},"size":5.604104518890381,"orthographic":false}