{"cameraMode":{"drawMode":0,"name":"Shaded","section":"Shading Mode"},"sceneLighting":true,"audioPlay":false,"sceneViewState":{"m_AlwaysRefresh":false,"showFog":true,"showSkybox":true,"showFlares":true,"showImageEffects":true,"showParticleSystems":true,"showVisualEffectGraphs":true,"m_FxEnabled":true},"in2DMode":false,"pivot":{"x":-16.936424255371095,"y":9.758781433105469,"z":-15.050057411193848},"rotation":{"x":-0.14411036670207978,"y":0.8539592027664185,"z":-0.38321003317832949,"w":-0.32113921642303469},"size":16.22852897644043,"orthographic":false}