{"cameraMode":{"drawMode":0,"name":"Shaded","section":"Shading Mode"},"sceneLighting":true,"audioPlay":false,"sceneViewState":{"m_AlwaysRefresh":false,"showFog":true,"showSkybox":false,"showFlares":true,"showImageEffects":true,"showParticleSystems":true,"showVisualEffectGraphs":true,"m_FxEnabled":true},"in2DMode":false,"pivot":{"x":-27.03443145751953,"y":17.439786911010743,"z":5.659481048583984},"rotation":{"x":0.01722712069749832,"y":-0.22656284272670747,"z":-0.004015777260065079,"w":-0.9738050103187561},"size":129.7978973388672,"orthographic":false}